<?xml version="1.0" encoding="UTF-8"?>
<!-- $Id: cs-CZ.com_kunena.xml 4574 2011-03-07 18:35:49Z mahagr $ -->
<!DOCTYPE install>
<install type="language" version="1.5" client="site" method="upgrade">
	<name>Kunena Forum - Czech</name>
	<tag>cs-CZ</tag>
	<creationDate>2011-01-31</creationDate>
	<version>1.6.3</version>
	<build>4344</build>
	<author>David Mara - JoomlaExpert.cz</author>
	<authorEmail>team@sixsix.eu</authorEmail>
	<authorUrl>http://www.JoomlaExpert.cz</authorUrl>
	<copyright>(C) 2008 - 2011 Kunena Team. All rights reserved.</copyright>
	<license>GNU/GPL</license>
	<description>Czech language file for Kunena Forum Component</description>

	<files>
		<filename>cs-CZ.com_kunena.ini</filename>
		<filename>cs-CZ.com_kunena.tpl_default.ini</filename>
		<filename>cs-CZ.com_kunena.tpl_example.ini</filename>
	</files>
</install>