<?xml version="1.0" encoding="UTF-8"?>
<!-- $Id$ -->
<!DOCTYPE install>
<install type="language" version="1.6" client="administrator" method="upgrade">
	<name>Kunena Forum - Indonesia</name>
	<tag>id-ID</tag>
	<creationDate>2011-07-27</creationDate>
	<version>1.6.5</version>
	<build>5005</build>
	<author>Daniel</author>
	<authorEmail>daniells@ymail.com</authorEmail>
	<authorUrl>unknown</authorUrl>
	<copyright>(C) 2011 unknown</copyright>
	<license>GNU/GPL</license>
	<description>Indonesia language file for Kunena Forum Component</description>

	<files>
		<filename>id-ID.com_kunena.ini</filename>
		<filename>id-ID.com_kunena.install.ini</filename>
		<filename>id-ID.com_kunena.menu.ini</filename>
		<filename>id-ID.com_kunena.sys.ini</filename>
		<filename>id-ID.plg_system_kunena.sys.ini</filename>
	</files>
</install>
