<?xml version="1.0" encoding="UTF-8"?>
<!-- $Id$ -->
<!DOCTYPE install>
<install type="language" version="1.5" client="administrator" method="upgrade">
	<name>Kunena Forum - Hungarian</name>
	<tag>hu-HU</tag>
	<creationDate>2011-07-27</creationDate>
	<version>1.6.5</version>
	<build>5005</build>
	<author>pedrohsi</author>
	<authorEmail>unknown</authorEmail>
	<authorUrl>unknown</authorUrl>
	<copyright>(C) 2010 unknown</copyright>
	<license>GNU/GPL</license>
	<description>Hungarian language file for Kunena Forum Component.</description>

	<files>
		<filename>hu-HU.com_kunena.ini</filename>
		<filename>hu-HU.com_kunena.install.ini</filename>
		<filename>hu-HU.com_kunena.menu.ini</filename>
		<filename>hu-HU.com_kunena.sys.ini</filename>
		<filename>hu-HU.plg_system_kunena.sys.ini</filename>
	</files>
</install>