﻿<?xml version="1.0" encoding="UTF-8"?>
<!-- $Id$ -->
<!DOCTYPE install>
<install type="language" version="1.5" client="site" method="upgrade">
	<name>Kunena Forum - Farsi</name>
	<tag>fa-IR</tag>
	<creationDate>2011-07-27</creationDate>
	<version>1.6.5</version>
	<build>5005</build>
	<author>عبدالحليم پوردريائي</author>
	<authorEmail>abdulhalim.po@gmail.com</authorEmail>
	<authorUrl>http://www.pourdaryaei.com</authorUrl>
	<copyright>(C) 2011.</copyright>
	<license>GNU/GPL</license>
	<description>فايل زبان فارسي براي كامپوننت كيوننا</description>

	<files>
		<filename>fa-IR.com_kunena.ini</filename>
		<filename>fa-IR.com_kunena.tpl_default.ini</filename>
		<filename>fa-IR.com_kunena.tpl_example.ini</filename>
	</files>
</install>